Rk,Player,Tm,2018-19,2019-20,2020-21,2021-22,2022-23,2023-24,Signed Using,Guaranteed
1,Stephen Curry\curryst01,GSW,$37457154,$40231758,$43006362,$45780966,,,Bird Rights,$166476240
2,Chris Paul\paulch01,HOU,$35654150,$38506482,$41358814,$44211146,,,,$159730592
3,Russell Westbrook\westbru01,OKC,$35654150,$38178000,$41006000,$43848000,$46662000,,Bird Rights,$158686150
4,LeBron James\jamesle01,LAL,$35654150,$37436858,$39219565,$41002273,,,,$113310573
5,Blake Griffin\griffbl01,DET,$32088932,$34234964,$36595996,$38957028,,,Bird Rights,$102919892
6,Gordon Hayward\haywago01,BOS,$31214295,$32700690,$34187085,,,,Cap space,$63914985
7,Kyle Lowry\lowryky01,TOR,$31200000,$33296296,,,,,Bird Rights,$64496296
8,Paul George\georgpa01,OKC,$30560700,$33005556,$35450412,$37895268,,,Maximum Salary,$99016668
9,Mike Conley\conlemi01,MEM,$30521116,$32511623,$34504132,,,,Cap Space,$85459122
10,James Harden\hardeja01,HOU,$30431854,$37800000,$40824000,$43848000,$46872000,,Bird Rights,$152903854
11,Kevin Durant\duranke01,GSW,$30000000,$31500000,,,,,,$30000000
12,Paul Millsap\millspa01,DEN,$29730769,$30500000,,,,,Cap space,$29730769
13,Al Horford\horfoal01,BOS,$28928710,$30123015,,,,,Cap Space,$28928710
14,Damian Lillard\lillada01,POR,$27977689,$29802321,$31626953,,,,1st Round Pick,$89406963
15,DeMar DeRozan\derozde01,SAS,$27739975,$27739975,$27739975,,,,Cap Space,$55479950
16,Chris Bosh\boshch01,MIA,$26837720,,,,,,,$26837720
17,Otto Porter\porteot01,WAS,$26011913,$27250576,$28489239,,,,Bird Rights,$53262489
18,Jrue Holiday\holidjr01,NOP,$25976111,$26131111,$26131111,$27020000,,,Bird Rights,$78238333
19,CJ McCollum\mccolcj01,POR,$25759766,$27556959,$29354152,,,,1st Round Pick,$82670877
20,Carmelo Anthony\anthoca01,ATL,$25534253,,,,,,,$25534253
21,Andrew Wiggins\wiggian01,MIN,$25467250,$27270000,$29290000,$31310000,$33330000,,1st Round Pick,$146667250
22,Joel Embiid\embiijo01,PHI,$25467250,$27270000,$29290000,$31310000,$33330000,,1st Round Pick,$25467250
23,Bradley Beal\bealbr01,WAS,$25434263,$27093019,$28751775,,,,Cap Space,$81279057
24,Anthony Davis\davisan02,NOP,$25434263,$27093019,$28751775,,,,1st Round Pick,$52527282
25,Andre Drummond\drumman01,DET,$25434263,$27093019,$28751775,,,,Cap Space,$52527282
26,Hassan Whiteside\whiteha01,MIA,$25434263,$27093018,,,,,Cap Space,$25434263
27,Nikola Jokic\jokicni01,DEN,$24605181,$27504630,$29542010,$31579390,,,,$146847981
28,Steven Adams\adamsst01,OKC,$24157304,$25842697,$27528090,,,,1st Round Pick,$77528091
29,Giannis Antetokounmpo\antetgi01,MIL,$24157304,$25842697,$27528090,,,,1st Round Pick,$77528091
30,Kevin Love\loveke01,CLE,$24119025,$28900000,$31300000,$31300000,$28900000,,Bird Rights,$144519025
31,Marc Gasol\gasolma01,MEM,$24119025,$25595700,,,,,Bird Rights,$24119025
32,Chandler Parsons\parsoch01,MEM,$24107258,$25102511,,,,,Cap Space,$49209769
33,Harrison Barnes\barneha02,DAL,$24107258,$25102512,,,,,Cap Space,$24107258
34,Nicolas Batum\batumni01,CHO,$24000000,$25565217,$27130434,,,,Cap Space,$49565217
35,Rudy Gobert\goberru01,UTA,$23241573,$25008427,$26525281,,,,1st Round Pick,$74775281
36,Kawhi Leonard\leonaka01,TOR,$23114067,$21329752,,,,,Bird Rights,$23114067
37,DeAndre Jordan\jordade01,DAL,$22900000,,,,,,,$22900000
38,LaMarcus Aldridge\aldrila01,SAS,$22347015,$26000000,$24000000,,,,Cap Space,$55347015
39,Serge Ibaka\ibakase01,TOR,$21666667,$23271604,,,,,Cap space,$44938271
40,Aaron Gordon\gordoaa01,ORL,$21590909,$19863636,$18136364,$16409091,,,,$76000000
41,Danilo Gallinari\gallida01,LAC,$21587579,$22615559,,,,,Sign and Trade,$44203138
42,Victor Oladipo\oladivi01,IND,$21000000,$21000000,$21000000,,,,1st Round Pick,$63000000
43,Jimmy Butler\butleji01,MIN,$20445779,$19841627,,,,,Bird Rights,$20445779
44,Ryan Anderson\anderry01,PHO,$20421546,$15600000,,,,,Cap Space,$36021546
45,Kyrie Irving\irvinky01,BOS,$20099189,$21329750,,,,,Bird Rights,$20099189
46,Jabari Parker\parkeja01,CHI,$20000000,$20000000,,,,,,$20000000
47,Zach LaVine\lavinza01,CHI,$19500000,$19500000,$19500000,$19500000,,,,$78000000
48,Tyler Johnson\johnsty01,MIA,$19245370,$19245370,,,,,Cap Space,$19245370
49,John Wall\walljo01,WAS,$19169800,$37800000,$40824000,$43848000,$46872000,,Bird Rights,$141641800
50,George Hill\hillge01,CLE,$19000000,$18000000,,,,,Cap space,$20000000
51,Jeff Teague\teaguje01,MIN,$19000000,$19000000,,,,,Cap space,$19000000
52,Klay Thompson\thompkl01,GSW,$18988725,,,,,,1st Round Pick,$18988725
53,Dwight Howard\howardw01,BRK,$18919725,,,,,,,$18919725
54,Enes Kanter\kanteen01,NYK,$18622514,,,,,,Bird Rights,$18622514
55,Wesley Matthews\matthwe02,DAL,$18622514,,,,,,Cap Space,$18622514
56,Joakim Noah\noahjo01,NYK,$18530000,$19295000,,,,,Cap Space,$37825000
57,Allen Crabbe\crabbal01,BRK,$18500000,$18500000,,,,,Cap Space,$18500000
58,Goran Dragic\dragigo01,MIA,$18109175,$19217900,,,,,Bird Rights,$18109175
59,Kent Bazemore\bazemke01,ATL,$18089887,$19269662,,,,,Cap Space,$18089887
60,Evan Turner\turneev01,POR,$17868852,$18606557,,,,,Cap Space,$36475409
61,Draymond Green\greendr01,GSW,$17469565,$18539130,,,,,Bird Rights,$36008695
62,Tristan Thompson\thomptr01,CLE,$17469565,$18539130,,,,,Bird Rights,$36008695
63,Tim Hardaway\hardati02,NYK,$17325000,$18150000,$18975000,,,,Cap space,$35475000
64,Reggie Jackson\jacksre01,DET,$17043478,$18086956,,,,,Bird Rights,$35130434
65,Evan Fournier\fournev01,ORL,$17000000,$17000000,$17000000,,,,Cap Space,$34000000
66,Bismack Biyombo\biyombi01,CHO,$17000000,$17000000,,,,,Cap Space,$17000000
67,Derrick Favors\favorde01,UTA,$16900000,$16900000,,,,,,$16000000
68,Pau Gasol\gasolpa01,SAS,$16800000,$16000000,,,,,,$23500000
69,Jonas Valanciunas\valanjo01,TOR,$16539326,$17617977,,,,,1st Round Pick,$16539326
70,Gary Harris\harriga01,DEN,$16517857,$17839286,$19160714,$20482143,,,1st Round Pick,$74000000
71,Andre Iguodala\iguodan01,GSW,$16000000,$17185185,,,,,Bird Rights,$33185185
72,Timofey Mozgov\mozgoti01,ORL,$16000000,$16720000,,,,,Cap Space,$32720000
73,Ian Mahinmi\mahinia01,WAS,$15944154,$15450051,,,,,Cap Space,$31394205
74,Dennis Schroder\schrode01,OKC,$15500000,$15500000,$15500000,,,,1st Round Pick,$46500000
75,DeMarre Carroll\carrode01,BRK,$15400000,,,,,,Cap Space,$15400000
76,Clint Capela\capelca01,HOU,$15293104,$16456522,$17500000,$18543478,$19586957,,,$87380061
77,Gorgui Dieng\dienggo01,MIN,$15170787,$16229213,$17287640,,,,1st Round Pick,$48687640
78,Trevor Ariza\arizatr01,PHO,$15000000,,,,,,Cap Space,$15000000
79,Eric Bledsoe\bledser01,MIL,$15000000,,,,,,Bird Rights,$15000000
80,Ricky Rubio\rubiori01,UTA,$14975000,,,,,,1st Round Pick,$14975000
81,Tobias Harris\harrito02,LAC,$14800000,,,,,,Bird Rights,$14800000
82,J.R. Smith\smithjr01,CLE,$14720000,$15680000,,,,,Bird Rights,$18590000
83,James Johnson\johnsja01,MIA,$14651700,$15349400,$16047100,,,,Cap space,$30001100
84,Brandon Knight\knighbr03,HOU,$14631250,$15643750,,,,,,$30275000
85,Robin Lopez\lopezro01,CHI,$14357750,,,,,,Cap Space,$14357750
86,Luol Deng\denglu01,LAL,$14354067,$4990000,$4990000,$4990000,,,,$29324067
87,Marvin Williams\willima02,CHO,$14087500,$15006250,,,,,Cap Space,$14087500
88,Taj Gibson\gibsota01,MIN,$14000000,,,,,,Cap space,$14000000
89,Jeremy Lin\linje01,ATL,$13768421,,,,,,Cap Space,$13768421
90,Thaddeus Young\youngth01,IND,$13764045,,,,,,Bird Rights,$13764045
91,Kenneth Faried\farieke01,BRK,$13764045,,,,,,1st Round Pick,$13764045
92,Tyson Chandler\chandty01,PHO,$13585000,,,,,,Cap Space,$13585000
93,Marcin Gortat\gortama01,LAC,$13565218,,,,,,Bird Rights,$13565218
94,Cody Zeller\zelleco01,CHO,$13528090,$14471910,$15415730,,,,1st Round Pick,$43415730
95,Eric Gordon\gordoer01,HOU,$13500375,$14057730,,,,,Cap Space,$27558105
96,Joe Ingles\inglejo01,UTA,$13045455,$11954546,$10863637,,,,Bird Rights,$35863638
97,Khris Middleton\middlkh01,MIL,$13000000,$13000000,,,,,Bird Rights,$13000000
98,Michael Kidd-Gilchrist\kiddgmi01,CHO,$13000000,$13000000,,,,,1st Round Pick,$13000000
99,Mason Plumlee\plumlma01,DEN,$12917808,$14041096,,,,,Cap space,$26958904
100,Wilson Chandler\chandwi01,PHI,$12800562,,,,,,,$12800562
101,Nikola Vucevic\vucevni01,ORL,$12750000,,,,,,Bird Rights,$12750000
102,Austin Rivers\riverau01,WAS,$12650000,,,,,,Cap Space,$12650000
103,Jordan Clarkson\clarkjo01,CLE,$12500000,$13437500,,,,,Cap Space,$25937500
104,Miles Plumlee\plumlmi01,ATL,$12500000,$12500000,,,,,Bird Rights,$25000000
105,Nikola Mirotic\mirotni01,NOP,$12500000,,,,,,Cap space,$12500000
106,Tyreke Evans\evansty01,IND,$12400000,,,,,,,$12400000
107,Courtney Lee\leeco01,NYK,$12253780,$12759670,,,,,Cap Space,$25013450
108,Solomon Hill\hillso01,NOP,$12252928,$13258781,,,,,Cap Space,$25511709
109,J.J. Redick\redicjj01,PHI,$12250000,,,,,,,$12250000
110,Kelly Olynyk\olynyke01,MIA,$12137527,$11667885,$12198243,,,,Cap space,$23805412
111,Kentavious Caldwell-Pope\caldwke01,LAL,$12000000,,,,,,,$12000000
112,Avery Bradley\bradlav01,LAC,$12000000,$12960000,,,,,,$12000000
113,Kemba Walker\walkeke02,CHO,$12000000,,,,,,1st Round Pick,$12000000
114,Will Barton\bartowi01,DEN,$11830358,$12960000,$13920000,$14880000,,,,$38710358
115,T.J. Warren\warretj01,PHO,$11750000,$10810000,$11750000,$12690000,,,1st Round Pick,$47000000
116,Zach Randolph\randoza01,SAC,$11692308,,,,,,Cap space,$11692308
117,Marcus Smart\smartma01,BOS,$11660716,$12553471,$13446428,$14339285,,,,$51999900
118,Patty Mills\millspa02,SAS,$11571429,$12428571,$13285714,,,,Bird Rights,$37285714
119,Dion Waiters\waitedi01,MIA,$11550000,$12100000,$12650000,,,,Cap space,$36300000
120,Alec Burks\burksal01,UTA,$11536515,,,,,,1st Round Pick,$11536515
121,John Henson\hensojo01,MIL,$11327466,$9732396,,,,,1st Round Pick,$21059862
122,Omer Asik\asikom01,CHI,$11286516,$11977527,,,,,Bird Rights,$14286516
123,Jusuf Nurkic\nurkiju01,POR,$11111111,$12000000,$12000000,$12000000,,,,$39111111
124,Iman Shumpert\shumpim01,SAC,$11011234,,,,,,Bird Rights,$11011234
125,Maurice Harkless\harklma01,POR,$10837079,$11511234,,,,,Cap Space,$22348313
126,Tony Snell\snellto01,MIL,$10607143,$11392857,$12178571,,,,Cap space,$22000000
127,Meyers Leonard\leoname01,POR,$10595506,$11286515,,,,,Cap Space,$21882021
128,Terrence Ross\rosste01,ORL,$10500000,,,,,,Rookie scale extension,$10500000
129,Bojan Bogdanovic\bogdabo02,IND,$10500000,,,,,,Cap space,$10500000
130,Robert Covington\covinro01,PHI,$10464092,$11301219,$12138345,$12975471,,,Cap Space,$46879127
131,Rudy Gay\gayru01,SAS,$10087200,,,,,,Non-Bird Rights,$10087200
132,Jon Leuer\leuerjo01,DET,$10002681,$9508043,,,,,Cap Space,$19510724
133,Andre Roberson\roberan03,OKC,$10000000,$10740741,,,,,Bird Rights,$20740741
134,Danny Green\greenda02,TOR,$10000000,,,,,,Bird Rights,$10000000
135,Darren Collison\collida01,IND,$10000000,,,,,,Cap space,$10000000
136,Dwight Powell\poweldw01,DAL,$9631250,$10259375,,,,,Cap Space,$9631250
137,Matthew Dellavedova\dellama01,MIL,$9607500,$9607500,,,,,Cap Space,$19215000
138,Dante Exum\exumda01,UTA,$9600000,$9600000,$9600000,,,,Cap Space,$27300000
139,Jared Dudley\dudleja01,BRK,$9530000,,,,,,Cap Space,$9530000
140,Norman Powell\powelno01,TOR,$9367200,$10116576,$10865952,$11615328,,,Cap Space,$30349728
141,Josh Richardson\richajo01,MIA,$9367200,$10100000,$10800000,$11600000,,,Minimum Salary,$30267200
142,Bogdan Bogdanovic\bogdabo01,SAC,$9000000,$8529386,,,,,Cap space,$17529386
143,Rajon Rondo\rondora01,LAL,$9000000,,,,,,,$9000000
144,E'Twaun Moore\mooreet01,NOP,$8808685,$8664928,,,,,Cap Space,$17473613
145,Kosta Koufos\koufoko01,SAC,$8739500,,,,,,Cap Space,$8739500
146,Jerami Grant\grantje01,OKC,$8653847,$9346153,$9346153,,,,,$18000000
147,Fred VanVleet\vanvlfr01,TOR,$8653847,$9000000,,,,,Bird Rights,$17653847
148,Kyle Anderson\anderky01,MEM,$8641000,$9073050,$9505100,$9937150,,,MLE,$37156300
149,Julius Randle\randlju01,NOP,$8641000,$9073050,,,,,MLE,$8641000
150,Markieff Morris\morrima02,WAS,$8600000,,,,,,Bird Rights,$8600000
151,Jerryd Bayless\bayleje01,PHI,$8575916,,,,,,Cap Space,$8575916
152,Cristiano Felicio\feliccr01,CHI,$8470980,$8156500,$7529020,,,,Cap space,$24156500
153,Markelle Fultz\fultzma01,PHI,$8339880,$9745200,$12288697,,,,1st Round Pick,$8339880
154,Joe Harris\harrijo01,BRK,$8333333,$7670000,,,,,Early Bird Rights,$16003333
155,C.J. Miles\milescj01,TOR,$8333333,$8730158,,,,,MLE,$8333333
156,Shaun Livingston\livinsh01,GSW,$8307692,$7692308,,,,,Bird Rights,$10307692
157,Deandre Ayton\aytonde01,PHO,$8165160,$9562920,$10018200,$12632950,,,1st Round Pick,$17728080
158,Lou Williams\willilo02,LAC,$8000000,$8000000,$1500000,,,,Cap Space,$16000000
159,Garrett Temple\templga01,MEM,$8000000,,,,,,Cap Space,$8000000
160,P.J. Tucker\tuckepj01,HOU,$7969537,$8349039,$7969537,,,,MLE,$18887764
161,Cory Joseph\josepco01,IND,$7945000,,,,,,Cap Space,$7945000
162,JaMychal Green\greenja01,MEM,$7866667,,,,,,Bird Rights,$7866667
163,Karl-Anthony Towns\townska01,MIN,$7839435,$27250000,$29430000,$31610000,$33790000,,1st round pick,$163409435
164,Kyle Korver\korveky01,CLE,$7560000,$7500000,,,,,Bird Rights,$11000000
165,Jeremy Lamb\lambje01,CHO,$7488372,,,,,,Rookie scale extension,$7488372
166,Darrell Arthur\arthuda01,PHO,$7464912,,,,,,Cap Space,$7464912
167,Lonzo Ball\balllo01,LAL,$7461960,$8719320,$11003782,,,,1st Round Pick,$7461960
168,Doug McDermott\mcderdo01,IND,$7333334,$7333334,$7333333,,,,,$22000001
169,Jae Crowder\crowdja01,UTA,$7305825,$7815533,,,,,Bird Rights,$15121358
170,Marvin Bagley\baglema01,SAC,$7305600,$8556120,$8963640,$11312114,,,1st Round Pick,$15861720
171,D.J. Augustin\augusdj01,ORL,$7250000,$7250000,,,,,Cap Space,$14500000
172,Dewayne Dedmon\dedmode01,ATL,$7200000,,,,,,Cap space,$7200000
173,Lance Thomas\thomala01,NYK,$7119650,$7583975,,,,,Cap Space,$7119650
174,D'Angelo Russell\russeda01,BRK,$7019698,,,,,,1st round pick,$7019698
175,Langston Galloway\gallola01,DET,$7000000,$7333333,,,,,MLE,$14333333
176,Davis Bertans\bertada01,SAS,$7000000,$7000000,,,,,Early Bird Rights,$14000000
177,Ersan Ilyasova\ilyaser01,MIL,$7000000,$7000000,$7000000,,,,MLE,$14000000
178,Boban Marjanovic\marjabo01,LAC,$7000000,,,,,,Cap Space,$7000000
179,Al-Farouq Aminu\aminual01,POR,$6957105,,,,,,Cap Space,$6957105
180,Jayson Tatum\tatumja01,BOS,$6700800,$7830000,$9897120,,,,1st Round Pick,$6700800
181,Luka Doncic\doncilu01,DAL,$6560640,$7683360,$8049360,$10174391,,,1st Round Pick,$14244000
182,Nemanja Bjelica\bjeline01,SAC,$6500000,$6825000,$7150000,,,,,$13325000
183,Mario Hezonja\hezonma01,NYK,$6500000,,,,,,MLE,$6500000
184,Ben Simmons\simmobe01,PHI,$6434520,$8113930,,,,,1st Round pick,$6434520
185,Milos Teodosic\teodomi01,LAC,$6300000,,,,,,MLE,$6300000
186,Wayne Ellington\ellinwa01,MIA,$6270000,,,,,,,$6270000
187,Marco Belinelli\belinma01,SAS,$6153846,$5846154,,,,,MLE,$12000000
188,Wesley Johnson\johnswe01,LAC,$6134520,,,,,,Cap Space,$6134520
189,Josh Jackson\jacksjo02,PHO,$6041520,$7059480,$8930242,,,,1st Round Pick,$6041520
190,Montrezl Harrell\harremo01,LAC,$6000000,$6000000,,,,,,$12000000
191,Jonathon Simmons\simmojo02,ORL,$6000000,$5700000,,,,,Cap space,$7000000
192,Ish Smith\smithis01,DET,$6000000,,,,,,Cap Space,$6000000
193,Jaren Jackson\jacksja02,MEM,$5915040,$6927480,$7257360,$9180560,,,1st Round Pick,$12842520
194,Brandon Ingram\ingrabr01,LAL,$5757120,$7265485,,,,,1st Round pick,$5757120
195,Anthony Tolliver\tollian01,MIN,$5750000,,,,,,MLE,$5750000
196,Kristaps Porzingis\porzikr01,NYK,$5697054,,,,,,1st round pick,$5697054
197,Deron Williams\willide01,BRK,$5474787,$5474787,,,,,,$10949574
198,De'Aaron Fox\foxde01,SAC,$5470920,$6392760,$8099627,,,,1st Round Pick,$5470920
199,Ben McLemore\mclembe01,SAC,$5460000,,,,,,MLE,$5460000
200,Alex Abrines\abrinal01,OKC,$5455236,,,,,,Cap Space,$5455236
201,Patrick Patterson\pattepa01,OKC,$5451600,$5711200,,,,,MLE,$5451600
202,Jason Smith\smithja02,WAS,$5450000,,,,,,Cap Space,$5450000
203,Marcus Morris\morrima03,BOS,$5375000,,,,,,Bird Rights,$5375000
204,Trae Young\youngtr01,ATL,$5356440,$6273000,$6571800,$8326471,,,1st Round Pick,$11629440
205,Dwight Howard\howardw01,WAS,$5337000,$5603850,,,,,MLE,$5337000
206,DeMarcus Cousins\couside01,GSW,$5337000,,,,,,MLE,$5337000
207,Josh Smith\smithjo03,DET,$5331729,$5331729,,,,,,$10663458
208,Alexis Ajinca\ajincal01,NOP,$5285394,,,,,,Early Bird Rights,$5285394
209,Thabo Sefolosha\sefolth01,UTA,$5250000,,,,,,Cap space,$5250000
210,Aron Baynes\baynear01,BOS,$5193600,$5453280,,,,,,$5193600
211,Jaylen Brown\brownja02,BOS,$5169960,$6534829,,,,,1st Rd pick,$5169960
212,Patrick Beverley\beverpa01,LAC,$5027028,,,,,,,
213,Tony Parker\parketo01,CHO,$5000000,$5000000,,,,,MLE,$10000000
214,Mike Muscala\muscami01,PHI,$5000000,,,,,,Cap space,$5000000
215,Dirk Nowitzki\nowitdi01,DAL,$5000000,,,,,,Cap Space,$5000000
216,Jonathan Isaac\isaacjo01,ORL,$4969080,$5806440,$7362566,,,,1st Round Pick,$10775520
217,Mohamed Bamba\bambamo01,ORL,$4865040,$5697600,$5969040,$7568742,,,1st Round Pick,$24100422
218,Willie Cauley-Stein\caulewi01,SAC,$4696875,,,,,,1st round pick,$4696875
219,Dragan Bender\bendedr01,PHO,$4661280,$5896519,,,,,1st Round pick,$4661280
220,Ron Baker\bakerro01,NYK,$4544400,,,,,,Room Exception,$4544400
221,Lauri Markkanen\markkla01,CHI,$4536120,$5300400,$6731508,,,,1st Round Pick,$4536120
222,Lance Stephenson\stephla01,LAL,$4449000,,,,,,,$4449000
223,Kyle O'Quinn\oquinky01,IND,$4449000,,,,,,Room Exception,$4449000
224,Ed Davis\davised01,BRK,$4449000,,,,,,Room Exception,$4449000
225,Wendell Carter\cartewe01,CHI,$4441200,$5201400,$5448840,$6920027,,,1st Round Pick,$9642600
226,Justin Holiday\holidju01,CHI,$4384616,,,,,,MLE,$4384616
227,Alex Len\lenal01,ATL,$4350000,$4160000,,,,,Room Exception,$8510000
228,Luc Mbah a Moute\mbahalu01,LAC,$4320500,,,,,,MLE,$4320500
229,Mike Scott\scottmi01,LAC,$4320500,,,,,,MLE,$4320500
230,Emmanuel Mudiay\mudiaem01,NYK,$4294480,,,,,,1st round pick,$4294480
231,Kris Dunn\dunnkr01,CHI,$4221000,$5348007,,,,,1st Round pick,$4221000
232,Frank Ntilikina\ntilila01,NYK,$4155720,$4855800,$6176578,,,,1st Round Pick,$4155720
233,Glenn Robinson\robingl02,DET,$4075000,$4150000,,,,,MLE,$4075000
234,Collin Sexton\sextoco01,CLE,$4068600,$4764960,$4991880,$6349671,,,1st Round Pick,$8833560
235,Al Jefferson\jeffeal01,IND,$4000000,,,,,,,$4000000
236,Stanley Johnson\johnsst04,DET,$3940402,,,,,,1st round pick,$3940402
237,Buddy Hield\hieldbu01,SAC,$3833760,$4861208,,,,,1st Round pick,$3833760
238,Dennis Smith\smithde03,DAL,$3819960,$4463640,$5686677,,,,1st Round Pick,$3819960
239,Kevin Knox\knoxke01,NYK,$3739920,$4380120,$4588680,$5845978,,,1st Round Pick,$8120040
240,J.J. Barea\bareajo01,DAL,$3710850,,,,,,Cap Space,$3710850
241,Nene Hilario\hilarne01,HOU,$3651480,$3825360,,,,,Non-Bird Rights,$7476840
242,Zach Collins\colliza01,POR,$3628920,$4240200,$5406255,,,,1st Round Pick,$3628920
243,Frank Kaminsky\kaminfr01,CHO,$3627842,,,,,,1st round pick,$3627842
244,Mikal Bridges\bridgmi01,PHO,$3552960,$4161000,$4359000,$5557725,,,1st Round Pick,$7713960
245,Mirza Teletovic\teletmi01,MIL,$3500000,$3500000,$3500000,,,,,$10500000
246,Michael Beasley\beaslmi01,LAL,$3500000,,,,,,Room Exception,$3500000
247,Jamal Murray\murraja01,DEN,$3499800,$4444746,,,,,1st Round pick,$3499800
248,Rodney Hood\hoodro01,CLE,$3472887,,,,,,,$3472887
249,Jodie Meeks\meeksjo01,WAS,$3454500,,,,,,Bi-annual Exception,$3454500
250,Justise Winslow\winslju01,MIA,$3448926,,,,,,1st round pick,$3448926
251,Malik Monk\monkma01,CHO,$3447480,$4028400,$5345687,,,,1st Round Pick,$3447480
252,Myles Turner\turnemy01,IND,$3410284,,,,,,1st round pick,$3410284
253,Brook Lopez\lopezbr01,MIL,$3382000,,,,,,Bi-annual Exception,$3382000
254,Shai Gilgeous-Alexander\gilgesh01,LAC,$3375360,$3952920,$4141320,$5495532,,,1st Round Pick,$7328280
255,Trey Lyles\lylestr01,DEN,$3364249,,,,,,1st round pick,$3364249
256,Ekpe Udoh\udohek01,UTA,$3360000,,,,,,Room Exception,$3360000
257,Devin Booker\bookede01,PHO,$3314365,$27250000,$29430000,$31610000,$33790000,,1st round pick,$3314365
258,Luke Kennard\kennalu01,DET,$3275280,$3827160,$5273826,,,,1st Round Pick,$3275280
259,Cameron Payne\payneca01,CHI,$3263294,,,,,,1st round pick,$3263294
260,Troy Daniels\danietr01,PHO,$3258539,,,,,,Cap Space,$3258539
261,Kelly Oubre\oubreke01,WAS,$3208630,,,,,,1st round pick,$3208630
262,Miles Bridges\bridgmi02,CHO,$3206640,$3755400,$3934320,$5421493,,,1st Round Pick,$6962040
263,Marquese Chriss\chrisma01,HOU,$3206160,$4078236,,,,,1st Rd pick,$3206160
264,Tomas Satoransky\satorto01,WAS,$3129187,,,,,,Cap Space,$3129187
265,Bryn Forbes\forbebr01,SAS,$3125000,$2875000,,,,,Early Bird Rights,$6000000
266,Donovan Mitchell\mitchdo01,UTA,$3111480,$3635760,$5195501,,,,1st Round Pick,$3111480
267,Terry Rozier\roziete01,BOS,$3050390,,,,,,1st round pick,$3050390
268,Jerome Robinson\robinje01,LAC,$3046200,$3567720,$3737520,$5340916,,,1st Round Pick,$6613920
269,Yogi Ferrell\ferreyo01,SAC,$3000000,$3150000,,,,,Cap Space,$3000000
270,Elfrid Payton\paytoel01,NOP,$3000000,,,,,,Bi-annual Exception,$3000000
271,Bam Adebayo\adebaba01,MIA,$2955840,$3454080,$5115492,,,,1st Round Pick,$6409920
272,Jakob Poeltl\poeltja01,SAS,$2947320,$3754886,,,,,1st Round pick,$6702206
273,Michael Porter\portemi01,DEN,$2894160,$3389400,$3550800,$5258735,,,1st Round Pick,$6283560
274,Andrew Nicholson\nichoan01,POR,$2844429,$2844429,$2844429,$2844429,$2844429,,,$17066574
275,Justin Jackson\jacksju01,SAC,$2807880,$3280920,$5029650,,,,1st Round Pick,$2807880
276,Thon Maker\makerth01,MIL,$2799720,$3569643,,,,,1st Round pick,$2799720
277,Seth Curry\curryse01,POR,$2795000,,,,,,MLE,$2795000
278,Cedi Osman\osmande01,CLE,$2775000,$2907143,,,,,MLE,$5682143
279,Sam Dekker\dekkesa01,CLE,$2760095,,,,,,1st Round pick,$2760095
280,Troy Brown\browntr01,WAS,$2749080,$3219480,$3372840,$5170564,,,1st Round Pick,$5968560
281,Justin Patton\pattoju01,MIN,$2667600,$3117240,$4781846,,,,1st Round Pick,$2667600
282,Guerschon Yabusele\yabusgu01,BOS,$2667600,$3117240,$4781846,,,,1st Round Pick,$2667600
283,Domantas Sabonis\sabondo01,IND,$2659800,$3529555,,,,,1st Round pick,$6189355
284,Jerian Grant\grantje02,ORL,$2639314,,,,,,1st Round pick,$2639314
285,Zhaire Smith\smithzh01,PHI,$2611800,$3058800,$3204600,$4915856,,,1st Round Pick,$5670600
286,Delon Wright\wrighde01,TOR,$2536898,,,,,,1st Round pick,$2536898
287,D.J. Wilson\wilsodj01,MIL,$2534280,$2961120,$4548280,,,,1st Round Pick,$2534280
288,Dario Saric\saricda01,PHI,$2526840,$3481986,,,,,1st Round pick,$2526840
289,Taurean Waller-Prince\princta02,ATL,$2526840,$3481986,,,,,1st Round pick,$2526840
290,Justin Anderson\anderju01,ATL,$2516048,,,,,,1st Round pick,$2516048
291,Manu Ginobili\ginobma01,SAS,$2500000,,,,,,,$2500000
292,Dante Cunningham\cunnida01,SAS,$2500000,,,,,,Bi-annual Exception,$2500000
293,Reggie Bullock\bullore01,DET,$2500000,,,,,,Cap space,$2500000
294,Bobby Portis\portibo01,CHI,$2494346,,,,,,1st Round pick,$2494346
295,Donte DiVincenzo\divindo01,MIL,$2481000,$2905800,$3044160,$4675830,,,1st Round Pick,$5386800
296,Rondae Hollis-Jefferson\holliro01,BRK,$2470357,,,,,,1st Round pick,$2470357
297,Tyus Jones\jonesty01,MIN,$2444053,,,,,,1st Round pick,$2444053
298,Jarell Martin\martija01,ORL,$2416222,,,,,,1st Round pick,$2416222
299,T.J. Leaf\leaftj01,IND,$2407560,$2813280,$4326825,,,,1st Round Pick,$5220840
300,Jeff Green\greenje02,WAS,$2393887,,,,,,Minimum Salary,$2393887
301,Amir Johnson\johnsam01,PHI,$2393887,,,,,,Minimum Salary,$2393887
302,Raymond Felton\feltora01,OKC,$2393887,,,,,,Minimum Salary,$2393887
303,Luol Deng\denglu01,MIN,$2393887,,,,,,,$2393887
304,Dwyane Wade\wadedw01,MIA,$2393887,,,,,,Minimum Salary,$2393887
305,Udonis Haslem\hasleud01,MIA,$2393887,,,,,,Minimum Salary,$2393887
306,JaVale McGee\mcgeeja01,LAL,$2393887,,,,,,Minimum Salary,$2393887
307,Gerald Green\greenge01,HOU,$2393887,,,,,,Minimum Salary,$2393887
308,Carmelo Anthony\anthoca01,HOU,$2393887,,,,,,Minimum Salary,$2393887
309,Zaza Pachulia\pachuza01,DET,$2393887,,,,,,Minimum Salary,$2393887
310,Jose Calderon\caldejo01,DET,$2393887,,,,,,Minimum Salary,$2393887
311,Devin Harris\harride01,DAL,$2393887,,,,,,Minimum Salary,$2393887
312,Channing Frye\fryech01,CLE,$2393887,,,,,,Minimum Salary,$2393887
313,Vince Carter\cartevi01,ATL,$2393887,,,,,,Minimum Salary,$2393887
314,Emeka Okafor\okafoem01,PHI,$2393887,,,,,,,
315,Jarrett Jack\jackja01,NOP,$2393887,,,,,,,
316,Lonnie Walker\walkelo01,SAS,$2357160,$2760480,$2892000,$4447896,,,1st Round Pick,$5117640
317,Jamal Crawford\crawfja01,ATL,$2304226,,,,,,,$2304226
318,John Collins\collijo01,ATL,$2299080,$2686560,$4137302,,,,1st Round Pick,$2299080
319,Denzel Valentine\valende01,CHI,$2280600,$3377569,,,,,1st Round pick,$2280600
320,Larry Nance\nancela02,CLE,$2272391,,,,,,1st Round pick,$2272391
321,Kevin Huerter\huertke01,ATL,$2250960,$2636280,$2761920,$4253357,,,1st Round Pick,$4887240
322,Monta Ellis\ellismo01,IND,$2245400,$2245400,$2245400,$2245400,,,,$8981600
323,Harry Giles\gilesha01,SAC,$2207040,$2578800,$3976510,,,,1st Round Pick,$2207040
324,Darius Miller\milleda01,NOP,$2205000,,,,,,MLE,$2205000
325,Derrick Rose\rosede01,MIN,$2176260,,,,,,Minimum Salary,$2176260
326,Omri Casspi\casspom01,MEM,$2176260,,,,,,Minimum Salary,$2176260
327,Juan Hernangomez\hernaju01,DEN,$2166360,$3321030,,,,,1st Round pick,$2166360
328,Greg Monroe\monrogr01,TOR,$2165481,,,,,,Minimum Salary,$2165481
329,Jonas Jerebko\jerebjo01,GSW,$2165481,,,,,,Minimum Salary,$2165481
330,Cole Aldrich\aldrico01,ATL,$2165481,,,,,,,
331,Josh Okogie\okogijo01,MIN,$2160720,$2530680,$2651040,$4087904,,,1st Round Pick,$4691400
332,Raul Neto\netora01,UTA,$2150000,$2150000,,,,,,$2150000
333,Matt Barnes\barnema02,SAC,$2133542,$2133541,,,,,,$4267083
334,Terrance Ferguson\fergute01,OKC,$2118840,$2475840,$3944013,,,,1st Round Pick,$2118840
335,Grayson Allen\allengr01,UTA,$2074320,$2429400,$2545320,$4054695,,,1st Round Pick,$4503720
336,Jarrett Allen\allenja01,BRK,$2034120,$2376840,$3909902,,,,1st Round Pick,$2034120
337,Shelvin Mack\macksh01,MEM,$2029463,,,,,,Minimum Salary,$2029463
338,Isaiah Thomas\thomais02,DEN,$2029463,,,,,,Minimum Salary,$2029463
339,Spencer Hawes\hawessp01,MIL,$2007058,$2007058,,,,,,$4014116
340,Georgios Papagiannis\papagge01,SAC,$2000400,,,,,,,$2000400
341,Torrey Craig\craigto01,DEN,$2000000,$2100000,,,,,MLE,$4100000
342,Chandler Hutchison\hutchch01,CHI,$1991520,$2332320,$2443440,$4019459,,,1st Round Pick,$4323840
343,OG Anunoby\anunoog01,TOR,$1952760,$2281800,$3872215,,,,1st Round Pick,$1952760
344,Ante Zizic\zizican01,CLE,$1952760,$2281800,$3872215,,,,1st Round Pick,$1952760
345,Shabazz Napier\napiesh01,BRK,$1942422,$1845301,,,,,Cap Space,$1942422
346,Tyler Zeller\zellety01,MIL,$1933941,,,,,,,
347,Anderson Varejao\varejan01,POR,$1913345,$1913345,$1913345,,,,,$5740035
348,Aaron Holiday\holidaa01,IND,$1911960,$2239200,$2345640,$3980551,,,1st Round Pick,$4151160
349,Lavoy Allen\allenla01,WAS,$1893447,,,,,,,
350,Quincy Pondexter\pondequ01,SAS,$1893447,,,,,,,
351,Tim Duncan\duncati01,SAS,$1881250,,,,,,,$1881250
352,Tyler Lydon\lydonty01,DEN,$1874640,$2190720,,,,,1st Round Pick,$1874640
353,Larry Sanders\sandela01,MIL,$1865547,$1865547,$1865547,$1865547,,,,$7462188
354,Henry Ellenson\ellenhe01,DET,$1857480,$2856804,,,,,1st Round pick,$1857480
355,Anfernee Simons\simonan01,POR,$1835520,$2149560,$2252040,$3938818,,,1st Round Pick,$3985080
356,Trey Burke\burketr01,NYK,$1795015,,,,,,Minimum Salary,$100000
357,Malik Beasley\beaslma01,DEN,$1773840,$2731714,,,,,1st Round pick,$1773840
358,Moritz Wagner\wagnemo01,LAL,$1762080,$2063520,$3893618,$2161920,,,1st Round Pick,$3825600
359,Nerlens Noel\noelne01,OKC,$1757429,$1988119,,,,,Minimum Salary,$1757429
360,Ian Clark\clarkia01,NOP,$1757429,,,,,,Minimum Salary,$1757429
361,Michael Carter-Williams\cartemi01,HOU,$1757429,,,,,,Minimum Salary,$1200000
362,Shabazz Muhammad\muhamsh01,MIL,$1757429,,,,,,,
363,Donald Sloan\sloando01,DEN,$1757429,,,,,,,
364,Thomas Robinson\robinth01,ATL,$1757429,,,,,,,
365,Caleb Swanigan\swanica01,POR,$1740000,$2033160,$3665787,,,,1st Round Pick,$1740000
366,Furkan Korkmaz\korkmfu01,PHI,$1740000,$2033160,$3665787,,,,1st Round Pick,$1740000
367,Landry Shamet\shamela01,PHI,$1703640,$1995120,$2090040,$3768342,,,1st Round Pick,$3698760
368,Caris LeVert\leverca01,BRK,$1702800,$2625718,,,,,1st Round pick,$1702800
369,Jonah Bolden\boldejo01,PHI,$1690000,$1698450,$1766550,$1845000,,,,$3388450
370,Kyle Kuzma\kuzmaky01,LAL,$1689840,$1974600,$3562178,,,,1st Round Pick,$1689840
371,Tony Bradley\bradlto01,UTA,$1679520,$1962360,$3542060,,,,1st Round Pick,$1679520
372,Derrick White\whitede01,SAS,$1667160,$1948080,$3516284,,,,1st Round Pick,$3615240
373,MarShon Brooks\brookma01,MEM,$1656092,,,,,,,$1656092
374,Spencer Dinwiddie\dinwisp01,BRK,$1656092,,,,,,Minimum Salary,$1656092
375,Josh Hart\hartjo01,LAL,$1655160,$1934160,$3491159,,,,1st Round Pick,$1655160
376,Robert Williams\williro04,BOS,$1654440,$1937520,$2029920,$3661976,,,1st Round Pick,$3591960
377,Jacob Evans\evansja02,GSW,$1644240,$1925880,$2017320,$3641263,,,1st Round Pick,$3570120
378,Pat Connaughton\connapa01,MIL,$1641000,$1719000,,,,,,$1641000
379,DeAndre' Bembry\bembrde01,ATL,$1634640,$2603982,,,,,1st Round pick,$1634640
380,Dzanan Musa\musadz01,BRK,$1632240,$1911600,$2002800,$3615054,,,1st Round Pick,$3543840
381,Nik Stauskas\stausni01,POR,$1621415,,,,,,Minimum Salary,$1621415
382,James Ennis\ennisja01,HOU,$1621415,$1845301,,,,,,$1621415
383,Lorenzo Brown\brownlo01,TOR,$1621415,,,,,,,
384,Noah Vonleh\vonleno01,NYK,$1621415,,,,,,,
385,Darius Morris\morrida01,NOP,$1621415,$1845301,,,,,,
386,Tim Frazier\fraziti01,MIL,$1621415,,,,,,,
387,Bruno Caboclo\cabocbr01,HOU,$1621415,,,,,,,
388,Omari Spellman\spellom01,ATL,$1620480,$1897800,$1988280,$3588845,,,1st Round Pick,$3518280
389,Luke Kornet\kornelu01,NYK,$1619000,,,,,,,$1619000
390,Rodions Kurucs\kurucro01,BRK,$1618320,$1699236,$1780152,$1861068,,,,$5097708
391,Richaun Holmes\holmeri01,PHO,$1600520,,,,,,,
392,T.J. McConnell\mccontj01,PHI,$1600520,,,,,,,
393,Malachi Richardson\richama01,TOR,$1569360,$2581597,,,,,1st Round pick,$1569360
394,Kevon Looney\looneke01,GSW,$1567007,,,,,,,$1567007
395,Salah Mejri\mejrisa01,DAL,$1567007,,,,,,Minimum Salary,$1567007
396,Eric Moreland\moreler01,TOR,$1567007,,,,,,,
397,Anthony Brown\brownan02,PHI,$1567007,,,,,,,
398,Jahlil Okafor\okafoja01,NOP,$1567007,$1702486,,,,,,
399,K.J. McDaniels\mcdankj01,MIN,$1567007,,,,,,,
400,JaKarr Sampson\sampsja02,MIL,$1567007,,,,,,,
401,Briante Weber\weberbr01,MIA,$1567007,,,,,,,
402,Jarnell Stokes\stokeja01,MIA,$1567007,,,,,,,
403,Chris McCullough\mcculch01,DET,$1567007,,,,,,,
404,R.J. Hunter\hunterj01,ATL,$1567007,,,,,,,
405,Dejounte Murray\murrade01,SAS,$1544951,$2321735,,,,,1st Round pick,$3866686
406,Pascal Siakam\siakapa01,TOR,$1544951,$2351839,,,,,1st Round pick,$1544951
407,Deyonta Davis\davisde01,SAC,$1544951,,,,,,,$1544951
408,Skal Labissiere\labissk01,SAC,$1544951,$2338847,,,,,1st Round pick,$1544951
409,Wade Baldwin\baldwwa01,POR,$1544951,,,,,,Minimum Salary,$1544951
410,Jake Layman\laymaja01,POR,$1544951,,,,,,Cap Space,$1544951
411,Timothe Luwawu-Cabarrot\luwawti01,OKC,$1544951,$2529684,,,,,1st Round pick,$1544951
412,Cheick Diallo\diallch01,NOP,$1544951,,,,,,Minimum Salary,$1544951
413,Malcolm Brogdon\brogdma01,MIL,$1544951,,,,,,Cap Space,$1544951
414,Rodney McGruder\mcgruro01,MIA,$1544951,,,,,,Minimum Salary,$1544951
415,Wayne Selden\seldewa01,MEM,$1544951,,,,,,,$1544951
416,Ivica Zubac\zubaciv01,LAL,$1544951,,,,,,Cap Space,$1544951
417,Damian Jones\jonesda03,GSW,$1544951,$2305057,,,,,1st Round pick,$1544951
418,Quinn Cook\cookqu01,GSW,$1544951,,,,,,,$1544951
419,Chinanu Onuaku\onuakch01,DAL,$1544951,,,,,,,$1544951
420,Dorian Finney-Smith\finnedo01,DAL,$1544951,,,,,,Minimum Salary,$1544951
421,Willy Hernangomez\hernawi01,CHO,$1544951,$1701735,,,,,Cap Space,$1544951
422,Andrew Harrison\harrian01,MEM,$1544951,,,,,,,
423,Georges Niang\niangge01,UTA,$1512601,$1645357,$1783557,,,,,$1512601
424,Derrick Jones\jonesde02,MIA,$1512601,$1645357,,,,,Minimum Salary,$1512601
425,David Nwaba\nwabada01,CLE,$1512601,,,,,,Minimum Salary,$1512601
426,Treveon Graham\grahatr01,BRK,$1512601,$1645357,,,,,Minimum Salary,$1512601
427,Christian Wood\woodch01,MIL,$1512601,,,,,,Minimum Salary,$100000
428,Kay Felder\feldeka01,TOR,$1512601,,,,,,,
429,Okaro White\whiteok01,SAS,$1512601,,,,,,,
430,Chinanu Onuaku\onuakch01,POR,$1512601,,,,,,,
431,Gary Payton II\paytoga02,POR,$1512601,,,,,,,
432,Isaiah Canaan\canaais01,PHO,$1512601,,,,,,,
433,Troy Williams\willitr02,NOP,$1512601,$1645357,,,,,,
434,Darius Johnson-Odom\johnsda03,MIN,$1512601,,,,,,,
435,Danuel House\houseda01,GSW,$1512601,,,,,,,
436,Tyler Ulis\ulisty01,GSW,$1512601,,,,,,,
437,Xavier Silas\silasxa01,DEN,$1512601,,,,,,,
438,Isaiah Taylor\taylois01,CLE,$1512601,,,,,,,
439,Sviatoslav Mykhailiuk\mykhasv01,LAL,$1487694,$1416852,$1663861,,,,Cap Space,$1487694
440,Mitchell Robinson\robinmi01,NYK,$1485440,$1559712,$1663861,$1802057,,,MLE,$3045152
441,Jordan Bell\belljo01,GSW,$1378252,,,,,,Minimum Salary,$1378252
442,Frank Jackson\jacksfr01,NOP,$1378242,$1618520,,,,,MLE,$1884242
443,Thomas Bryant\bryanth01,WAS,$1378242,,,,,,Minimum Salary,$1378242
444,Frank Mason\masonfr01,SAC,$1378242,$1618520,,,,,,$1378242
445,Davon Reed\reedda01,PHO,$1378242,$1618520,,,,,Minimum Salary,$1378242
446,Wesley Iwundu\iwundwe01,ORL,$1378242,$1618520,,,,,,$1378242
447,Khem Birch\birchkh01,ORL,$1378242,,,,,,Minimum Salary,$1378242
448,Abdel Nader\naderab01,OKC,$1378242,$1618520,$1752950,,,,,$1378242
449,Damyean Dotson\dotsoda01,NYK,$1378242,$1618520,,,,,Minimum Salary,$1378242
450,Sterling Brown\brownst02,MIL,$1378242,$1618520,,,,,MLE,$1378242
451,Rade Zagorac\zagorra01,MEM,$1378242,,,,,,,$1378242
452,Dillon Brooks\brookdi01,MEM,$1378242,$1618520,,,,,MLE,$1378242
453,Ivan Rabb\rabbiv01,MEM,$1378242,$1618520,,,,,MLE,$1378242
454,Jawun Evans\evansja01,LAC,$1378242,$1618520,,,,,MLE,$1378242
455,Sindarius Thornwell\thornsi01,LAC,$1378242,$1618520,,,,,MLE,$1378242
456,Ike Anigbogu\anigbik01,IND,$1378242,$1618520,,,,,Cap space,$1378242
457,Maxi Kleber\klebima01,DAL,$1378242,,,,,,Minimum Salary,$1378242
458,Dwayne Bacon\bacondw01,CHO,$1378242,$1618520,,,,,MLE,$1378242
459,Semi Ojeleye\ojelese01,BOS,$1378242,$1618520,$1752950,,,,,$1378242
460,Daniel Theis\theisda01,BOS,$1378242,,,,,,Minimum Salary,$1378242
461,Tyler Dorsey\dorsety01,ATL,$1378242,,,,,,Minimum Salary,$1378242
462,Shaquille Harrison\harrish01,PHO,$1378242,,,,,,,$50000
463,Royce O'Neale\onealro01,UTA,$1378242,$1618520,,,,,,
464,Zhou Qi\qizh01,HOU,$1378242,$1618520,$1752950,,,,,
465,Antonius Cleveland\clevean01,CHI,$1378242,,,,,,,
466,Kevin Martin\martike02,MIN,$1360304,,,,,,,$1360304
467,Monte Morris\morrimo01,DEN,$1349383,$1588231,$1663861,,,,Minimum Salary,$2937614
468,Antonio Blakeney\blakean01,CHI,$1349383,$1588231,,,,,Minimum Salary,$2937614
469,Jabari Bird\birdja01,BOS,$1349383,$1588231,,,,,Minimum Salary,$1349383
470,Daniel Hamilton\hamilda02,ATL,$1349383,,,,,,Minimum Salary,$1349383
471,Chasson Randle\randlch01,WAS,$1349383,,,,,,,
472,Chris Boucher\bouchch01,TOR,$1349383,,,,,,,
473,Kyle Collinsworth\colliky01,TOR,$1349383,,,,,,,
474,Nick Johnson\johnsni01,SAS,$1349383,,,,,,,
475,Jamel Artis\artisja01,SAC,$1349383,,,,,,,
476,Kadeem Allen\allenka01,NYK,$1349383,,,,,,,
477,James Nunnally\nunnaja01,MIN,$1349383,$1588231,,,,,,
478,Tyrone Wallace\wallaty01,LAC,$1349383,$1588231,,,,,,
479,Omari Johnson\johnsom01,IND,$1349383,,,,,,,
480,Ben Moore\moorebe01,IND,$1349383,,,,,,,
481,Alfonzo McKinnie\mckinal01,GSW,$1349383,,,,,,,
482,Jalen Jones\jonesja04,DAL,$1349383,,,,,,,
483,Kobi Simmons\simmoko01,CLE,$1349383,,,,,,,
484,Derrick Walton\waltode01,CHI,$1349383,,,,,,,
485,Ryan Arcidiacono\arcidry01,CHI,$1349383,,,,,,,
486,Elie Okobo\okoboel01,PHO,$1238464,$1416852,$1663861,$1802057,,,,$2655316
487,Jalen Brunson\brunsja01,DAL,$1230000,$1416582,$1663861,$1802057,,,Cap Space,$4310443
488,Melvin Frazier\frazime01,ORL,$1050000,$1416852,$1663861,,,,MLE,$2466852
489,Isaac Bonga\bongais01,LAL,$1000000,$1663861,$1416852,,,,,$2663861
490,Justin Hamilton\hamilju01,TOR,$1000000,$1000000,,,,,,$2000000
491,Shelvin Mack\macksh01,ORL,$1000000,,,,,,,$1000000
492,Kyle Singler\singlky01,OKC,$999200,$999200,$999200,$999200,$999200,,,$4996000
493,Devonte' Graham\grahade01,CHO,$988464,$1416852,$1663861,,,,MLE,$2405316
494,De'Anthony Melton\meltode01,PHO,$949000,$1416852,,,,,,$2365852
495,Jason Thompson\thompja02,GSW,$945126,,,,,,,$945126
496,Gary Trent\trentga02,POR,$838464,$1416852,$1663861,,,,MLE,$3919177
497,Hamidou Diallo\diallha01,OKC,$838464,$1416852,$1663861,,,,MLE,$2255316
498,Keita Bates-Diop\bateske01,MIN,$838464,$1416852,$1663861,,,,MLE,$2255316
499,Jevon Carter\carteje01,MEM,$838464,$1416852,,,,,MInimum Salary,$2255316
500,Bruce Brown\brownbr01,DET,$838464,$1416852,$1663861,,,,MLE,$2255316
501,Jarred Vanderbilt\vandeja01,DEN,$838464,$1663861,$1416852,,,,MLE,$2255316
502,Ray Spalding\spaldra01,DAL,$838464,$1416852,$1663861,$1802057,,,Minimum Salary,$2255316
503,Khyri Thomas\thomakh01,DET,$838464,$838464,$1663861,,,,MLE,$1676928
504,Chimezie Metu\metuch01,SAS,$838464,,,,,,MLE,$838464
505,Alize Johnson\johnsal02,IND,$838464,$1416852,,,,,Minimum Salary,$838464
506,Isaiah Hartenstein\harteis01,HOU,$838464,$1416852,$1663861,,,,MLE,$838464
507,Ryan Broekhoff\broekry01,DAL,$838464,$1443842,,,,,,$838464
508,Brad Wanamaker\wanambr01,BOS,$838464,,,,,,Minimum Salary,$838464
509,Isaiah Briscoe\briscis01,ORL,$838464,$1663861,$838464,,,,MLE,$500000
510,Tiwian Kendley\kendlti01,WAS,$838464,,,,,,,
511,Chris Chiozza\chiozch01,WAS,$838464,,,,,,,
512,Isaac Haas\haasis01,UTA,$838464,,,,,,,
513,Jairus Lyles\lylesja01,UTA,$838464,,,,,,,
514,Trey Lewis\lewistr01,UTA,$838464,,,,,,,
515,Deng Adel\adelde01,TOR,$838464,,,,,,,
516,Jaron Blossomgame\blossja01,SAS,$838464,,,,,,,
517,Cameron Reynolds\reynoca01,SAC,$838464,,,,,,,
518,Cameron Oliver\oliveca01,POR,$838464,,,,,,,
519,Norvel Pelle\pelleno01,PHI,$838464,,,,,,,
520,Devin Davis\davisde02,ORL,$838464,,,,,,,
521,B.J. Johnson\johnsbj01,ORL,$838464,,,,,,,
522,Braian Angola-Rodas\angolbr01,ORL,$838464,,,,,,,
523,Donte Grantham\grantdo01,OKC,$838464,,,,,,,
524,Kenrich Williams\willike04,NOP,$838464,$1416852,,,,,,
525,Garlon Green\greenga02,NOP,$838464,$1416852,,,,,,
526,Bryce Alford\alforbr01,MIN,$838464,,,,,,,
527,Jonathan Stark\starkjo02,MIN,$838464,,,,,,,
528,Abdul Gaddy\gaddyab01,MIN,$838464,,,,,,,
529,Richard Solomon\solomri01,MIN,$838464,,,,,,,
530,Marcus Lee\leema02,MIA,$838464,,,,,,,
531,Malik Newman\newmama01,MIA,$838464,,,,,,,
532,Brandon Goodwin\goodwbr01,MEM,$838464,,,,,,,
533,Doral Moore\mooredo01,MEM,$838464,,,,,,,
534,Ismaila Kane\kaneis01,MEM,$838464,,,,,,,
535,Markel Crawford\crawfma01,MEM,$838464,,,,,,,
536,Jeffrey Carroll\carroje01,LAL,$838464,,,,,,,
537,Joel Berry\berryjo01,LAL,$838464,,,,,,,
538,Johnathan Williams\willijo04,LAL,$838464,,,,,,,
539,Desi Rodriguez\rodride01,LAC,$838464,,,,,,,
540,Elijah Stewart\stewael01,IND,$838464,,,,,,,
541,Gary Clark\clarkga01,HOU,$838464,,,,,,,
542,Vince Edwards\edwarvi01,HOU,$838464,,,,,,,
543,Rob Gray\grayro01,HOU,$838464,,,,,,,
544,Kendrick Nunn\nunnke01,GSW,$838464,,,,,,,
545,Marcus Derrickson\derrima01,GSW,$838464,,,,,,,
546,Johnny Hamilton\hamiljo03,DET,$838464,,,,,,,
547,Zach Lofton\loftoza01,DET,$838464,,,,,,,
548,Emanuel Terry\terryem01,DEN,$838464,,,,,,,
549,Ding Yanyuhang\yanyudi01,DAL,$838464,,,,,,,
550,Codi Miller-McIntyre\milleco01,DAL,$838464,,,,,,,
551,Bonzie Colson\colsobo01,CLE,$838464,,,,,,,
552,Levi Randolph\randole01,CLE,$838464,,,,,,,
553,Joe Chealey\chealjo01,CHO,$838464,,,,,,,
554,Zach Smith\smithza01,CHO,$838464,,,,,,,
555,Jaylen Barford\barfoja01,CHO,$838464,,,,,,,
556,Isaiah Wilkins\wilkiis01,CHO,$838464,,,,,,,
557,Kaiser Gates\gateska01,CHI,$838464,,,,,,,
558,Mitch Creek\creekmi01,BRK,$838464,,,,,,,
559,Theo Pinson\pinsoth01,BRK,$838464,,,,,,,
560,Nuni Omot\omotnu01,BRK,$838464,,,,,,,
561,Jordan McLaughlin\mclaujo01,BRK,$838464,,,,,,,
562,Jeff Roberson\roberje01,BOS,$838464,,,,,,,
563,Nick King\kingni01,BOS,$838464,,,,,,,
564,Martell Webster\webstma02,WAS,$833333,,,,,,,$833333
565,Cole Aldrich\aldrico01,MIN,$685341,$685340,$685340,,,,,$2056021
566,Carlos Delfino\delfica01,LAC,$650000,,,,,,,$650000
567,Caron Butler\butleca01,SAC,$517219,,,,,,,$517219
568,Dakari Johnson\johnsda04,MEM,$459414,$459414,$459414,,,,,$1378242
569,A.J. Hammons\hammoaj01,MIA,$350088,$350087,$350087,,,,,$1050262
570,Festus Ezeli\ezelife01,POR,$333333,$333333,,,,,,$666666
571,C.J. Watson\watsocj01,ORL,$333333,$333333,,,,,,$666666
572,Miroslav Raduljica\radulmi01,LAC,$252043,,,,,,,$252043
573,Troy Williams\willitr02,HOU,$122741,$122741,$122741,$122741,$122741,,,$613705
574,Emeka Okafor\okafoem01,NOP,$100000,,,,,,,$100000
575,Demetrius Jackson\jacksde01,BOS,$92857,$92857,$92857,$92857,$92857,,,$557142